Class,B01,B02,B03,B04,B05,B06,B07,B08,B8A,B09,B10,B11,B12
AnnualCrop,1415.45,1257.69,1288.57,1403.12,1692.6,2663.98,3189.28,3086.66,846.41,13.4,2657.5,1692.88,3531.11
Forest,1110.53,811.81,687.38,415.43,747.79,2100.56,2690.19,2636.09,823.96,9.91,1313.75,535.41,3007.88
HerbaceousVegetation,1324.29,1114.51,1058.5,1053.62,1371.77,2062.13,2360.07,2369.17,1052.2,16.47,2345.56,1441.61,2654.84
Highway,1349.7,1109.55,1037.29,947.66,1230.62,2168.26,2586.69,2510.1,791.66,12.13,1958.06,1196.04,2840.58
Industrial,1665.2,1466.28,1372.06,1367.3,1512.2,2002.37,2238.42,2120.59,633.73,12.28,2056.16,1503.42,2381.32
Pasture,1295.4,1008.28,946.78,659.81,1176.28,2797.37,3450.31,3394.98,1114.8,12.93,1972.61,951.37,3843.37
PermanentCrop,1412.64,1224.14,1245.53,1315.29,1603.47,2457.04,2870.11,2779.64,812.44,13.58,2693.1,1756.41,3158.74
Residential,1458.29,1213.7,1114.12,1075.49,1288.17,1981.02,2287.28,2187.26,665.54,12.29,1974.96,1382.51,2469.96
River,1304.97,1038.58,927.5,716.01,932.46,1718.99,2073.05,1992.37,597.56,10.54,1305.88,721.74,2247.66
SeaLake,1234.29,952.79,778.55,509.57,509.23,398.91,398.84,332.91,95.5,7.76,101.76,62.5,315.08
